"host","tx_latency""rx_latency",
"135.125.204.74",0.006321816,0.009601758
