"host","tx_latency""rx_latency",
"135.125.204.74",0.106289409,0.007562022
