"host","tx_latency""rx_latency",
"135.125.204.74",0.056158334,0.007595565
