"host","tx_latency""rx_latency",
"135.125.204.74",0.006229713,0.010537251
