"host","tx_latency""rx_latency",
"135.125.204.74",0.006389831,0.008289244
