"host","tx_latency""rx_latency",
"135.125.204.74",0.006366027,0.008363868
