"host","tx_latency""rx_latency",
"135.125.204.74",0.056417199,0.008273965
