"host","tx_latency""rx_latency",
"135.125.204.74",0.106244043,0.01106471
