"host","tx_latency""rx_latency",
"135.125.204.74",0.056286483,0.011352082
