"host","tx_latency""rx_latency",
"135.125.204.74",0.106278979,0.017211038
