"host","tx_latency""rx_latency",
"135.125.204.74",0.05632063,0.013287871
