"host","tx_latency""rx_latency",
"135.125.204.74",0.006367682,0.009622186
