"host","tx_latency""rx_latency",
"135.125.204.74",0.006251035,0.010137221
