"host","tx_latency""rx_latency",
"135.125.204.74",0.006211466,0.008841223
