"host","tx_latency""rx_latency",
"135.125.204.74",0.0562452,0.007624312
