"host","tx_latency""rx_latency",
"135.125.204.74",0.106501549,0.012142538
