"host","tx_latency""rx_latency",
"135.125.204.74",0.056216531,0.007717129
