"host","tx_latency""rx_latency",
"135.125.204.74",0.056446384,0.010744713
