"host","tx_latency""rx_latency",
"135.125.204.74",0.056324589,0.00892595
