"host","tx_latency""rx_latency",
"135.125.204.74",0.056473771,0.008742122
