"host","tx_latency""rx_latency",
"135.125.204.74",0.006384259,0.012384
