"host","tx_latency""rx_latency",
"135.125.204.74",0.006264412,0.008493115
