"host","tx_latency""rx_latency",
"135.125.204.74",0.006263407,0.010217505
