"host","tx_latency""rx_latency",
"135.125.204.74",0.10617226,0.012690822
