"host","tx_latency""rx_latency",
"135.125.204.74",0.056080303,0.007727248
