"host","tx_latency""rx_latency",
"135.125.204.74",0.057805019,0.010359638
