"host","tx_latency""rx_latency",
"135.125.204.74",0.006285941,0.014410982
