"host","tx_latency""rx_latency",
"135.125.204.74",0.106277305,0.009019346
