"host","tx_latency""rx_latency",
"135.125.204.74",0.006350693,0.012136852
