"host","tx_latency""rx_latency",
"135.125.204.74",0.056336082,0.00764758
