"host","tx_latency""rx_latency",
"135.125.204.74",0.006339648,0.011914116
