"host","tx_latency""rx_latency",
"135.125.204.74",0.056183323,0.007851785
