"host","tx_latency""rx_latency",
"135.125.204.74",0.006165201,0.009713469
