"host","tx_latency""rx_latency",
"135.125.204.74",0.106397845,0.010402725
