"host","tx_latency""rx_latency",
"135.125.204.74",0.10657842,0.007687635
