"host","tx_latency""rx_latency",
"135.125.204.74",0.056141418,0.012206162
