"host","tx_latency""rx_latency",
"135.125.204.74",0.006244107,0.007647401
