"host","tx_latency""rx_latency",
"135.125.204.74",0.056279912,0.009266789
