"host","tx_latency""rx_latency",
"135.125.204.74",0.006325714,0.010468857
