"host","tx_latency""rx_latency",
"135.125.204.74",0.056292082,0.007643131
