"host","tx_latency""rx_latency",
"135.125.204.74",0.056405847,0.009435171
