"host","tx_latency""rx_latency",
"135.125.204.74",0.05629229,0.010490423
