"host","tx_latency""rx_latency",
"135.125.204.74",0.006209134,0.009282158
