"host","tx_latency""rx_latency",
"135.125.204.74",0.106199944,0.007530885
