"host","tx_latency""rx_latency",
"135.125.204.74",0.056731421,0.008066786
