"host","tx_latency""rx_latency",
"135.125.204.74",0.056312532,0.007516888
