"host","tx_latency""rx_latency",
"135.125.204.74",0.106588541,0.007944631
