"host","tx_latency""rx_latency",
"135.125.204.74",0.106301644,0.0082153
