"host","tx_latency""rx_latency",
"135.125.204.74",0.006446642,0.008548147
