"host","tx_latency""rx_latency",
"135.125.204.74",0.056401464,0.010005815
