"host","tx_latency""rx_latency",
"135.125.204.74",0.10659942,0.010387161
