"host","tx_latency""rx_latency",
"135.125.204.74",0.006233201,0.010187746
