"host","tx_latency""rx_latency",
"135.125.204.74",0.106258266,0.009043423
