"host","tx_latency""rx_latency",
"135.125.204.74",0.106316707,0.007651941
