"host","tx_latency""rx_latency",
"135.125.204.74",0.056418278,0.014887667
