"host","tx_latency""rx_latency",
"135.125.204.74",0.056216297,0.007715476
