"host","tx_latency""rx_latency",
"135.125.204.74",0.106536476,0.007628984
