"host","tx_latency""rx_latency",
"135.125.204.74",0.007894658,0.007670561
