"host","tx_latency""rx_latency",
"135.125.204.74",0.00643134,0.009391958
