"host","tx_latency""rx_latency",
"135.125.204.74",0.1065793,0.010889031
