"host","tx_latency""rx_latency",
"135.125.204.74",0.106303552,0.012112458
