"host","tx_latency""rx_latency",
"135.125.204.74",0.006127255,0.00806024
