"host","tx_latency""rx_latency",
"135.125.204.74",0.05644347,0.009138787
