"host","tx_latency""rx_latency",
"135.125.204.74",0.056467785,0.007922255
