"host","tx_latency""rx_latency",
"135.125.204.74",0.106282116,0.00757054
