"host","tx_latency""rx_latency",
"135.125.204.74",0.106293099,0.009340816
