"host","tx_latency""rx_latency",
"135.125.204.74",0.056494989,0.009320392
