"host","tx_latency""rx_latency",
"135.125.204.74",0.056440933,0.009897189
