"host","tx_latency""rx_latency",
"135.125.204.74",0.006063182,0.009983943
