"host","tx_latency""rx_latency",
"135.125.204.74",0.006289496,0.011027834
