"host","tx_latency""rx_latency",
"135.125.204.74",0.106243176,0.007678679
