"host","tx_latency""rx_latency",
"135.125.204.74",0.106219787,0.010673187
