"host","tx_latency""rx_latency",
"135.125.204.74",0.006389772,0.007442001
