"host","tx_latency""rx_latency",
"135.125.204.74",0.056120207,0.010469149
