"host","tx_latency""rx_latency",
"135.125.204.74",0.00627972,0.009365715
