"host","tx_latency""rx_latency",
"135.125.204.74",0.006212099,0.007512171
