"host","tx_latency""rx_latency",
"135.125.204.74",0.106261165,0.007847924
