"host","tx_latency""rx_latency",
"135.125.204.74",0.006266555,0.011109902
