"host","tx_latency""rx_latency",
"135.125.204.74",0.106387373,0.009619356
