"host","tx_latency""rx_latency",
"135.125.204.74",0.106437154,0.0100419
