"host","tx_latency""rx_latency",
"135.125.204.74",0.056426161,0.008866595
