"host","tx_latency""rx_latency",
"135.125.204.74",0.106115073,0.009021722
