"host","tx_latency""rx_latency",
"135.125.204.74",0.056254275,0.009950654
