"host","tx_latency""rx_latency",
"135.125.204.74",0.106357951,0.007805124
