"host","tx_latency""rx_latency",
"135.125.204.74",0.106375681,0.00759881
