"host","tx_latency""rx_latency",
"135.125.204.74",0.05630813,0.00764174
