"host","tx_latency""rx_latency",
"135.125.204.74",0.056325388,0.007545454
