"host","tx_latency""rx_latency",
"135.125.204.74",0.056155257,0.011410151
