"host","tx_latency""rx_latency",
"135.125.204.74",0.106312742,0.008325921
