"host","tx_latency""rx_latency",
"135.125.204.74",0.056279763,0.007676089
