"host","tx_latency""rx_latency",
"135.125.204.74",0.056239072,0.007582992
