"host","tx_latency""rx_latency",
"135.125.204.74",0.106797031,0.007717685
