"host","tx_latency""rx_latency",
"135.125.204.74",0.006103317,0.010120617
