"host","tx_latency""rx_latency",
"135.125.204.74",0.106423382,0.0094011
