"host","tx_latency""rx_latency",
"135.125.204.74",0.056230807,0.011756759
