"host","tx_latency""rx_latency",
"135.125.204.74",0.056314884,0.007804129
