"host","tx_latency""rx_latency",
"135.125.204.74",0.056373769,0.007583087
