"host","tx_latency""rx_latency",
"135.125.204.74",0.006150907,0.012077106
