"host","tx_latency""rx_latency",
"135.125.204.74",0.056420089,0.009121864
