"host","tx_latency""rx_latency",
"135.125.204.74",0.056475386,0.007535875
