"host","tx_latency""rx_latency",
"135.125.204.74",0.056275085,0.007663584
