"host","tx_latency""rx_latency",
"135.125.204.74",0.006320338,0.007598657
