"host","tx_latency""rx_latency",
"135.125.204.74",0.00639397,0.011392403
