"host","tx_latency""rx_latency",
"135.125.204.74",0.106428241,0.007746915
