"host","tx_latency""rx_latency",
"135.125.204.74",0.006185746,0.007626857
