"host","tx_latency""rx_latency",
"135.125.204.74",0.006317259,0.010752098
