"host","tx_latency""rx_latency",
"135.125.204.74",0.006109136,0.010932276
