"host","tx_latency""rx_latency",
"135.125.204.74",0.056185489,0.009957173
