"host","tx_latency""rx_latency",
"135.125.204.74",0.056257365,0.010214727
