"host","tx_latency""rx_latency",
"135.125.204.74",0.056320269,0.009054489
