"host","tx_latency""rx_latency",
"135.125.204.74",0.056293536,0.009185529
