"host","tx_latency""rx_latency",
"135.125.204.74",0.106272564,0.008620625
