"host","tx_latency""rx_latency",
"135.125.204.74",0.106483027,0.007755895
