"host","tx_latency""rx_latency",
"135.125.204.74",0.006220571,0.01144025
