"host","tx_latency""rx_latency",
"135.125.204.74",0.056139883,0.010524823
