"host","tx_latency""rx_latency",
"135.125.204.74",0.106417606,0.012925839
