"host","tx_latency""rx_latency",
"135.125.204.74",0.106397153,0.011609002
