"host","tx_latency""rx_latency",
"135.125.204.74",0.00607668,0.010151626
