"host","tx_latency""rx_latency",
"135.125.204.74",0.00640651,0.010483664
