"host","tx_latency""rx_latency",
"135.125.204.74",0.106278922,0.008274661
