"host","tx_latency""rx_latency",
"135.125.204.74",0.106594242,0.009941737
