"host","tx_latency""rx_latency",
"135.125.204.74",0.00639151,0.010136072
