"host","tx_latency""rx_latency",
"135.125.204.74",0.10700472,0.013266502
