"host","tx_latency""rx_latency",
"135.125.204.74",0.106467297,0.009782415
