"host","tx_latency""rx_latency",
"135.125.204.74",0.006141877,0.013161214
