"host","tx_latency""rx_latency",
"135.125.204.74",0.056389176,0.007902078
