"host","tx_latency""rx_latency",
"135.125.204.74",0.006288859,0.007510007
