"host","tx_latency""rx_latency",
"135.125.204.74",0.106212024,0.009680634
