"host","tx_latency""rx_latency",
"135.125.204.74",0.106250547,0.010320655
