"host","tx_latency""rx_latency",
"135.125.204.74",0.056551345,0.010215407
