"host","tx_latency""rx_latency",
"135.125.204.74",0.056454265,0.007545474
