"host","tx_latency""rx_latency",
"135.125.204.74",0.05631593,0.008727119
