"host","tx_latency""rx_latency",
"135.125.204.74",0.056407404,0.008289616
