"host","tx_latency""rx_latency",
"135.125.204.74",0.006306205,0.007534399
