"host","tx_latency""rx_latency",
"135.125.204.74",0.106704118,0.009299763
