"host","tx_latency""rx_latency",
"135.125.204.74",0.006367919,0.009888965
