"host","tx_latency""rx_latency",
"135.125.204.74",0.106533858,0.010237226
