"host","tx_latency""rx_latency",
"135.125.204.74",0.056363802,0.012820494
