"host","tx_latency""rx_latency",
"135.125.204.74",0.056661126,0.007768028
