"host","tx_latency""rx_latency",
"135.125.204.74",0.056241371,0.009108144
