"host","tx_latency""rx_latency",
"135.125.204.74",0.056493676,0.010571183
