"host","tx_latency""rx_latency",
"135.125.204.74",0.006397146,0.008751139
