"host","tx_latency""rx_latency",
"135.125.204.74",0.056494807,0.00773486
