"host","tx_latency""rx_latency",
"135.125.204.74",0.056153447,0.00890811
