"host","tx_latency""rx_latency",
"135.125.204.74",0.056482905,0.007447653
