"host","tx_latency""rx_latency",
"135.125.204.74",0.056517599,0.007550956
