"host","tx_latency""rx_latency",
"135.125.204.74",0.106297891,0.007795894
