"host","tx_latency""rx_latency",
"135.125.204.74",0.006315823,0.008186154
