"host","tx_latency""rx_latency",
"135.125.204.74",0.056330639,0.009566414
