"host","tx_latency""rx_latency",
"135.125.204.74",0.006140463,0.010978585
