"host","tx_latency""rx_latency",
"135.125.204.74",0.056207993,0.007803174
