"host","tx_latency""rx_latency",
"135.125.204.74",0.056390786,0.013948732
