"host","tx_latency""rx_latency",
"135.125.204.74",0.106341512,0.012720561
