"host","tx_latency""rx_latency",
"135.125.204.74",0.05627071,0.011094428
