"host","tx_latency""rx_latency",
"135.125.204.74",0.05625423,0.007625486
