"host","tx_latency""rx_latency",
"135.125.204.74",0.006493101,0.007700053
