"host","tx_latency""rx_latency",
"135.125.204.74",0.056381373,0.011124853
