"host","tx_latency""rx_latency",
"135.125.204.74",0.106550395,0.010597879
