"host","tx_latency""rx_latency",
"135.125.204.74",0.006331905,0.007355772
