"host","tx_latency""rx_latency",
"135.125.204.74",0.106324668,0.010986581
