"host","tx_latency""rx_latency",
"135.125.204.74",0.0063222,0.00909261
