"host","tx_latency""rx_latency",
"135.125.204.74",0.056503825,0.009933834
