"host","tx_latency""rx_latency",
"135.125.204.74",0.058082706,0.007706487
