"host","tx_latency""rx_latency",
"135.125.204.74",0.106355969,0.011199085
