"host","tx_latency""rx_latency",
"135.125.204.74",0.006100266,0.011498744
