"host","tx_latency""rx_latency",
"135.125.204.74",0.056453418,0.009439454
