"host","tx_latency""rx_latency",
"135.125.204.74",0.006167694,0.011568198
