"host","tx_latency""rx_latency",
"135.125.204.74",0.006432915,0.007534743
