"host","tx_latency""rx_latency",
"135.125.204.74",0.006368978,0.008328267
