"host","tx_latency""rx_latency",
"135.125.204.74",0.00615273,0.01134669
