"host","tx_latency""rx_latency",
"135.125.204.74",0.057961739,0.008847377
