"host","tx_latency""rx_latency",
"135.125.204.74",0.006207172,0.008812268
