"host","tx_latency""rx_latency",
"135.125.204.74",0.006367328,0.012388136
