"host","tx_latency""rx_latency",
"135.125.204.74",0.106407897,0.008711464
