"host","tx_latency""rx_latency",
"135.125.204.74",0.106133002,0.007727594
