"host","tx_latency""rx_latency",
"135.125.204.74",0.056589071,0.013986127
