"host","tx_latency""rx_latency",
"135.125.204.74",0.106396882,0.011960631
