"host","tx_latency""rx_latency",
"135.125.204.74",0.106407247,0.009703487
