"host","tx_latency""rx_latency",
"135.125.204.74",0.056455103,0.008215965
