"host","tx_latency""rx_latency",
"135.125.204.74",0.106394789,0.007775221
