"host","tx_latency""rx_latency",
"135.125.204.74",0.056127375,0.011816842
