"host","tx_latency""rx_latency",
"135.125.204.74",0.006353036,0.007815376
