"host","tx_latency""rx_latency",
"135.125.204.74",0.056239429,0.010011496
