"host","tx_latency""rx_latency",
"135.125.204.74",0.106484821,0.010574812
