"host","tx_latency""rx_latency",
"135.125.204.74",0.056209155,0.012382707
