"host","tx_latency""rx_latency",
"135.125.204.74",0.00628162,0.007794507
