"host","tx_latency""rx_latency",
"135.125.204.74",0.106232128,0.008200065
