"host","tx_latency""rx_latency",
"135.125.204.74",0.056303348,0.007519269
