"host","tx_latency""rx_latency",
"135.125.204.74",0.056229695,0.008704568
