"host","tx_latency""rx_latency",
"135.125.204.74",0.05642783,0.01376166
