"host","tx_latency""rx_latency",
"135.125.204.74",0.056412243,0.008955864
