"host","tx_latency""rx_latency",
"135.125.204.74",0.056298479,0.008254973
