"host","tx_latency""rx_latency",
"135.125.204.74",0.006220094,0.010393928
