"host","tx_latency""rx_latency",
"135.125.204.74",0.106124471,0.007713556
