"host","tx_latency""rx_latency",
"135.125.204.74",0.106592679,0.007650209
