"host","tx_latency""rx_latency",
"135.125.204.74",0.056398362,0.007528445
