"host","tx_latency""rx_latency",
"135.125.204.74",0.106452936,0.008047955
