"host","tx_latency""rx_latency",
"135.125.204.74",0.056347976,0.013292257
