"host","tx_latency""rx_latency",
"135.125.204.74",0.006335368,0.01190568
