"host","tx_latency""rx_latency",
"135.125.204.74",0.106399244,0.011248316
