"host","tx_latency""rx_latency",
"135.125.204.74",0.106261922,0.009007899
