"host","tx_latency""rx_latency",
"135.125.204.74",0.056374429,0.010199321
