"host","tx_latency""rx_latency",
"135.125.204.74",0.006208784,0.011718057
