"host","tx_latency""rx_latency",
"135.125.204.74",0.006154634,0.008708113
