"host","tx_latency""rx_latency",
"135.125.204.74",0.056276882,0.008007105
