"host","tx_latency""rx_latency",
"135.125.204.74",0.056220164,0.007638821
