"host","tx_latency""rx_latency",
"135.125.204.74",0.056499973,0.007558018
