"host","tx_latency""rx_latency",
"135.125.204.74",0.056090733,0.009601492
