"host","tx_latency""rx_latency",
"135.125.204.74",0.006199372,0.007872303
