"host","tx_latency""rx_latency",
"135.125.204.74",0.05648227,0.010069449
