"host","tx_latency""rx_latency",
"135.125.204.74",0.106424066,0.007647788
