"host","tx_latency""rx_latency",
"135.125.204.74",0.006424629,0.012132565
