"host","tx_latency""rx_latency",
"135.125.204.74",0.006065512,0.00763127
