"host","tx_latency""rx_latency",
"135.125.204.74",0.106342738,0.007677458
