"host","tx_latency""rx_latency",
"135.125.204.74",0.106414089,0.008813953
