"host","tx_latency""rx_latency",
"135.125.204.74",0.106472721,0.007912651
