"host","tx_latency""rx_latency",
"135.125.204.74",0.006294344,0.008877326
