"host","tx_latency""rx_latency",
"135.125.204.74",0.056348899,0.009535982
