"host","tx_latency""rx_latency",
"135.125.204.74",0.006291969,0.009499488
