"host","tx_latency""rx_latency",
"135.125.204.74",0.056621934,0.011094582
