"host","tx_latency""rx_latency",
"135.125.204.74",0.006256953,0.009537592
