"host","tx_latency""rx_latency",
"135.125.204.74",0.006393221,0.013224525
