"host","tx_latency""rx_latency",
"135.125.204.74",0.056160276,0.008900944
