"host","tx_latency""rx_latency",
"135.125.204.74",0.056318788,0.010776624
