"host","tx_latency""rx_latency",
"135.125.204.74",0.106383572,0.007692217
