"host","tx_latency""rx_latency",
"135.125.204.74",0.056136054,0.007601292
