"host","tx_latency""rx_latency",
"135.125.204.74",0.05632598,0.007622584
