"host","tx_latency""rx_latency",
"135.125.204.74",0.006463726,0.007445826
