"host","tx_latency""rx_latency",
"135.125.204.74",0.056319521,0.008888063
