"host","tx_latency""rx_latency",
"135.125.204.74",0.056396561,0.008233981
