"host","tx_latency""rx_latency",
"135.125.204.74",0.106498918,0.01031514
