"host","tx_latency""rx_latency",
"135.125.204.74",0.10640549,0.011706582
