"host","tx_latency""rx_latency",
"135.125.204.74",0.106292625,0.007623529
