"host","tx_latency""rx_latency",
"135.125.204.74",0.006299261,0.00940395
