"host","tx_latency""rx_latency",
"135.125.204.74",0.006248507,0.013395883
