"host","tx_latency""rx_latency",
"135.125.204.74",0.056190254,0.010466866
