"host","tx_latency""rx_latency",
"135.125.204.74",0.056704553,0.011800781
