"host","tx_latency""rx_latency",
"135.125.204.74",0.006257465,0.008075781
