"host","tx_latency""rx_latency",
"135.125.204.74",0.006079561,0.009692976
