"host","tx_latency""rx_latency",
"135.125.204.74",0.007154965,0.011567516
