"host","tx_latency""rx_latency",
"135.125.204.74",0.056190274,0.012202449
