"host","tx_latency""rx_latency",
"135.125.204.74",0.006174095,0.007999069
