"host","tx_latency""rx_latency",
"135.125.204.74",0.006207796,0.009825455
