"host","tx_latency""rx_latency",
"135.125.204.74",0.0064689,0.011838576
