"host","tx_latency""rx_latency",
"135.125.204.74",0.106517339,0.010600846
