"host","tx_latency""rx_latency",
"135.125.204.74",0.106240553,0.008051434
