"host","tx_latency""rx_latency",
"135.125.204.74",0.056300274,0.01007237
