"host","tx_latency""rx_latency",
"135.125.204.74",0.006305069,0.013327368
