"host","tx_latency""rx_latency",
"135.125.204.74",0.056207815,0.008022459
