"host","tx_latency""rx_latency",
"135.125.204.74",0.006299154,0.012812915
