"host","tx_latency""rx_latency",
"135.125.204.74",0.006157618,0.010481062
