"host","tx_latency""rx_latency",
"135.125.204.74",0.056260902,0.007804513
