"host","tx_latency""rx_latency",
"135.125.204.74",0.006267228,0.007790496
