"host","tx_latency""rx_latency",
"135.125.204.74",0.006331971,0.011190289
