"host","tx_latency""rx_latency",
"135.125.204.74",0.106440453,0.011458603
