"host","tx_latency""rx_latency",
"135.125.204.74",0.106254641,0.008235822
