"host","tx_latency""rx_latency",
"135.125.204.74",0.056554856,0.007945427
