"host","tx_latency""rx_latency",
"135.125.204.74",0.056173717,0.009467632
