"host","tx_latency""rx_latency",
"135.125.204.74",0.006312275,0.010749667
