"host","tx_latency""rx_latency",
"135.125.204.74",0.006349869,0.009167117
