"host","tx_latency""rx_latency",
"135.125.204.74",0.006360762,0.010245888
