"host","tx_latency""rx_latency",
"135.125.204.74",0.10612153,0.007954208
