"host","tx_latency""rx_latency",
"135.125.204.74",0.106423732,0.007799977
