"host","tx_latency""rx_latency",
"135.125.204.74",0.106451001,0.013191623
