"host","tx_latency""rx_latency",
"135.125.204.74",0.05631769,0.007672039
