"host","tx_latency""rx_latency",
"135.125.204.74",0.006636842,0.008304997
