"host","tx_latency""rx_latency",
"135.125.204.74",0.006190881,0.009591415
