"host","tx_latency""rx_latency",
"135.125.204.74",0.056078845,0.007725522
