"host","tx_latency""rx_latency",
"135.125.204.74",0.006053002,0.007688216
