"host","tx_latency""rx_latency",
"135.125.204.74",0.056102639,0.008029957
