"host","tx_latency""rx_latency",
"135.125.204.74",0.056407035,0.009104818
