"host","tx_latency""rx_latency",
"135.125.204.74",0.056201873,0.007761743
