"host","tx_latency""rx_latency",
"135.125.204.74",0.106114523,0.007515023
