"host","tx_latency""rx_latency",
"135.125.204.74",0.006256635,0.01143027
