"host","tx_latency""rx_latency",
"135.125.204.74",0.106477325,0.007601881
