"host","tx_latency""rx_latency",
"135.125.204.74",0.006079036,0.017885886
