"host","tx_latency""rx_latency",
"135.125.204.74",0.006120765,0.007735018
