"host","tx_latency""rx_latency",
"135.125.204.74",0.006262707,0.009749517
