"host","tx_latency""rx_latency",
"135.125.204.74",0.056936884,0.010474467
