"host","tx_latency""rx_latency",
"135.125.204.74",0.10644386,0.010245696
