"host","tx_latency""rx_latency",
"135.125.204.74",0.106470747,0.007676691
