"host","tx_latency""rx_latency",
"135.125.204.74",0.006259093,0.010957464
