"host","tx_latency""rx_latency",
"135.125.204.74",0.006139197,0.010862972
