"host","tx_latency""rx_latency",
"135.125.204.74",0.056359849,0.010195832
