"host","tx_latency""rx_latency",
"135.125.204.74",0.106365044,0.007889457
