"host","tx_latency""rx_latency",
"135.125.204.74",0.006105719,0.011406038
