"host","tx_latency""rx_latency",
"135.125.204.74",0.00629744,0.011170149
