"host","tx_latency""rx_latency",
"135.125.204.74",0.006214463,0.011336168
