"host","tx_latency""rx_latency",
"135.125.204.74",0.056236233,0.010885848
