"host","tx_latency""rx_latency",
"135.125.204.74",0.006197811,0.010244385
