"host","tx_latency""rx_latency",
"135.125.204.74",0.007650272,0.012408565
