"host","tx_latency""rx_latency",
"135.125.204.74",0.056338295,0.010574488
