"host","tx_latency""rx_latency",
"135.125.204.74",0.006218793,0.0100049
