"host","tx_latency""rx_latency",
"135.125.204.74",0.05626855,0.008899329
