"host","tx_latency""rx_latency",
"135.125.204.74",0.106231255,0.010358213
