"host","tx_latency""rx_latency",
"135.125.204.74",0.062615486,0.008612377
