"host","tx_latency""rx_latency",
"135.125.204.74",0.107268586,0.012724503
