"host","tx_latency""rx_latency",
"135.125.204.74",0.106268206,0.008391867
