"host","tx_latency""rx_latency",
"135.125.204.74",0.106224389,0.013161808
