"host","tx_latency""rx_latency",
"135.125.204.74",0.05706963,0.00904789
