"host","tx_latency""rx_latency",
"135.125.204.74",0.00641723,0.010535023
