"host","tx_latency""rx_latency",
"135.125.204.74",0.056887426,0.010522346
