"host","tx_latency""rx_latency",
"135.125.204.74",0.00607854,0.00834768
