"host","tx_latency""rx_latency",
"135.125.204.74",0.106422191,0.008235159
