"host","tx_latency""rx_latency",
"135.125.204.74",0.107544166,0.008785775
