"host","tx_latency""rx_latency",
"135.125.204.74",0.056767093,0.009213052
