"host","tx_latency""rx_latency",
"135.125.204.74",0.057265707,0.009998734
