"host","tx_latency""rx_latency",
"135.125.204.74",0.006433157,0.014269441
