"host","tx_latency""rx_latency",
"135.125.204.74",0.056296482,0.010163444
