"host","tx_latency""rx_latency",
"135.125.204.74",0.006190985,0.01166284
