"host","tx_latency""rx_latency",
"135.125.204.74",0.106395019,0.00768522
