"host","tx_latency""rx_latency",
"135.125.204.74",0.006161647,0.007604385
