"host","tx_latency""rx_latency",
"135.125.204.74",0.10626763,0.009794044
