"host","tx_latency""rx_latency",
"135.125.204.74",0.107118512,0.009354055
