"host","tx_latency""rx_latency",
"135.125.204.74",0.006474391,0.007964887
