"host","tx_latency""rx_latency",
"135.125.204.74",0.056429381,0.007830087
