"host","tx_latency""rx_latency",
"135.125.204.74",0.056214789,0.007980952
