"host","tx_latency""rx_latency",
"135.125.204.74",0.057222719,0.009441567
