"host","tx_latency""rx_latency",
"135.125.204.74",0.056350627,0.010710927
