"host","tx_latency""rx_latency",
"135.125.204.74",0.056214691,0.011342956
