"host","tx_latency""rx_latency",
"135.125.204.74",0.106316776,0.007454678
