"host","tx_latency""rx_latency",
"135.125.204.74",0.056243887,0.007579094
