"host","tx_latency""rx_latency",
"135.125.204.74",0.106274782,0.009845046
