"host","tx_latency""rx_latency",
"135.125.204.74",0.056332505,0.007692701
