"host","tx_latency""rx_latency",
"135.125.204.74",0.006583031,0.011939469
