"host","tx_latency""rx_latency",
"135.125.204.74",0.006400428,0.012311943
