"host","tx_latency""rx_latency",
"135.125.204.74",0.006428841,0.009835732
