"host","tx_latency""rx_latency",
"135.125.204.74",0.10640038,0.007564095
