"host","tx_latency""rx_latency",
"135.125.204.74",0.106410318,0.009830829
