"host","tx_latency""rx_latency",
"135.125.204.74",0.056217524,0.010300215
