"host","tx_latency""rx_latency",
"135.125.204.74",0.056269501,0.014147833
