"host","tx_latency""rx_latency",
"135.125.204.74",0.006199659,0.008415281
