"host","tx_latency""rx_latency",
"135.125.204.74",0.106553724,0.01086227
