"host","tx_latency""rx_latency",
"135.125.204.74",0.056315163,0.007819144
