"host","tx_latency""rx_latency",
"135.125.204.74",0.056316428,0.007884799
