"host","tx_latency""rx_latency",
"135.125.204.74",0.106228264,0.00807954
