"host","tx_latency""rx_latency",
"135.125.204.74",0.106147446,0.01151612
