"host","tx_latency""rx_latency",
"135.125.204.74",0.006074259,0.007625934
