"host","tx_latency""rx_latency",
"135.125.204.74",0.056200441,0.010888312
