"host","tx_latency""rx_latency",
"135.125.204.74",0.106268114,0.008361532
