"host","tx_latency""rx_latency",
"135.125.204.74",0.056258526,0.009026342
