"host","tx_latency""rx_latency",
"135.125.204.74",0.006078482,0.007594826
