"host","tx_latency""rx_latency",
"135.125.204.74",0.006347168,0.012280537
