"host","tx_latency""rx_latency",
"135.125.204.74",0.106582662,0.013900364
