"host","tx_latency""rx_latency",
"135.125.204.74",0.006099562,0.01102395
