"host","tx_latency""rx_latency",
"135.125.204.74",0.056321402,0.009927318
