"host","tx_latency""rx_latency",
"135.125.204.74",0.006564901,0.01096482
