"host","tx_latency""rx_latency",
"135.125.204.74",0.056187563,0.007765789
