"host","tx_latency""rx_latency",
"135.125.204.74",0.056302702,0.007547723
