"host","tx_latency""rx_latency",
"135.125.204.74",0.106999581,0.008417083
