"host","tx_latency""rx_latency",
"135.125.204.74",0.056118906,0.008042937
