"host","tx_latency""rx_latency",
"135.125.204.74",0.106485588,0.007523175
