"host","tx_latency""rx_latency",
"135.125.204.74",0.107439098,0.008485487
