"host","tx_latency""rx_latency",
"135.125.204.74",0.057910574,0.008746086
