"host","tx_latency""rx_latency",
"135.125.204.74",0.006219543,0.015376382
