"host","tx_latency""rx_latency",
"135.125.204.74",0.006242098,0.009035392
