"host","tx_latency""rx_latency",
"135.125.204.74",0.056183264,0.010308845
