"host","tx_latency""rx_latency",
"135.125.204.74",0.057197462,0.015621828
