"host","tx_latency""rx_latency",
"135.125.204.74",0.05740041,0.006682982
