"host","tx_latency""rx_latency",
"135.125.204.74",0.006311149,0.009862184
