"host","tx_latency""rx_latency",
"135.125.204.74",0.106858252,0.006967752
