"host","tx_latency""rx_latency",
"135.125.204.74",0.056421201,0.010190808
