"host","tx_latency""rx_latency",
"135.125.204.74",0.056505142,0.00747486
