"host","tx_latency""rx_latency",
"135.125.204.74",0.006431333,0.009531216
