"host","tx_latency""rx_latency",
"135.125.204.74",0.056287187,0.008042305
