"host","tx_latency""rx_latency",
"135.125.204.74",0.006338763,0.010092513
