"host","tx_latency""rx_latency",
"135.125.204.74",0.107744594,0.009178958
