"host","tx_latency""rx_latency",
"135.125.204.74",0.056202974,0.008163319
