"host","tx_latency""rx_latency",
"135.125.204.74",0.056374682,0.008629766
