"host","tx_latency""rx_latency",
"135.125.204.74",0.007176456,0.011660008
