"host","tx_latency""rx_latency",
"135.125.204.74",0.106595521,0.007692061
