"host","tx_latency""rx_latency",
"135.125.204.74",0.106934825,0.008575358
