"host","tx_latency""rx_latency",
"135.125.204.74",0.007023358,0.007326261
