"host","tx_latency""rx_latency",
"135.125.204.74",0.056589214,0.007621997
