"host","tx_latency""rx_latency",
"135.125.204.74",0.006114863,0.007730954
