"host","tx_latency""rx_latency",
"135.125.204.74",0.056244311,0.008435064
