"host","tx_latency""rx_latency",
"135.125.204.74",0.056318088,0.008447921
