"host","tx_latency""rx_latency",
"135.125.204.74",0.106397463,0.008368542
