"host","tx_latency""rx_latency",
"135.125.204.74",0.056154565,0.007702556
