"host","tx_latency""rx_latency",
"135.125.204.74",0.106838835,0.0107876
