"host","tx_latency""rx_latency",
"135.125.204.74",0.057614601,0.006859186
