"host","tx_latency""rx_latency",
"135.125.204.74",0.006109889,0.009767851
