"host","tx_latency""rx_latency",
"135.125.204.74",0.106411202,0.01467426
