"host","tx_latency""rx_latency",
"135.125.204.74",0.106380912,0.007680867
