"host","tx_latency""rx_latency",
"135.125.204.74",0.006616719,0.009711574
