"host","tx_latency""rx_latency",
"135.125.204.74",0.056173299,0.009077327
