"host","tx_latency""rx_latency",
"135.125.204.74",0.006303297,0.009910531
