"host","tx_latency""rx_latency",
"135.125.204.74",0.106246268,0.012237672
