"host","tx_latency""rx_latency",
"135.125.204.74",0.057885023,0.007631075
