"host","tx_latency""rx_latency",
"135.125.204.74",0.106364137,0.007547162
