"host","tx_latency""rx_latency",
"135.125.204.74",0.006381694,0.009789095
