"host","tx_latency""rx_latency",
"135.125.204.74",0.056390796,0.01165019
