"host","tx_latency""rx_latency",
"135.125.204.74",0.006190941,0.009466868
