"host","tx_latency""rx_latency",
"135.125.204.74",0.057280678,0.012415508
