"host","tx_latency""rx_latency",
"135.125.204.74",0.106387241,0.011050887
