"host","tx_latency""rx_latency",
"135.125.204.74",0.05687168,0.012200056
