"host","tx_latency""rx_latency",
"135.125.204.74",0.006259327,0.008602659
