"host","tx_latency""rx_latency",
"135.125.204.74",0.056527049,0.007630175
