"host","tx_latency""rx_latency",
"135.125.204.74",0.056205239,0.010192121
