"host","tx_latency""rx_latency",
"135.125.204.74",0.056979256,0.008282758
