"host","tx_latency""rx_latency",
"135.125.204.74",0.106398356,0.012437693
