"host","tx_latency""rx_latency",
"135.125.204.74",0.10632306,0.01056359
