"host","tx_latency""rx_latency",
"135.125.204.74",0.106339047,0.014226447
