"host","tx_latency""rx_latency",
"135.125.204.74",0.056211185,0.011055998
