"host","tx_latency""rx_latency",
"135.125.204.74",0.106368484,0.011510452
