"host","tx_latency""rx_latency",
"135.125.204.74",0.106265035,0.007687736
