"host","tx_latency""rx_latency",
"135.125.204.74",0.006461517,0.007969589
