"host","tx_latency""rx_latency",
"135.125.204.74",0.106382445,0.015195743
