"host","tx_latency""rx_latency",
"135.125.204.74",0.057344813,0.010594861
