"host","tx_latency""rx_latency",
"135.125.204.74",0.056441077,0.007480073
