"host","tx_latency""rx_latency",
"135.125.204.74",0.006442181,0.012696145
