"host","tx_latency""rx_latency",
"135.125.204.74",0.006617557,0.012310551
