"host","tx_latency""rx_latency",
"135.125.204.74",0.006920112,0.007120177
