"host","tx_latency""rx_latency",
"135.125.204.74",0.006283867,0.007632797
