"host","tx_latency""rx_latency",
"135.125.204.74",0.057332703,0.006527534
