"host","tx_latency""rx_latency",
"135.125.204.74",0.006070951,0.007879286
