"host","tx_latency""rx_latency",
"135.125.204.74",0.106784942,0.011292133
