"host","tx_latency""rx_latency",
"135.125.204.74",0.106523148,0.007934028
