"host","tx_latency""rx_latency",
"135.125.204.74",0.006468401,0.011337841
