"host","tx_latency""rx_latency",
"135.125.204.74",0.056850834,0.01028715
