"host","tx_latency""rx_latency",
"135.125.204.74",0.106504373,0.009206531
