"host","tx_latency""rx_latency",
"135.125.204.74",0.10634875,0.007621521
