"host","tx_latency""rx_latency",
"135.125.204.74",0.056305426,0.009269053
