"host","tx_latency""rx_latency",
"135.125.204.74",0.106300807,0.0078759
