"host","tx_latency""rx_latency",
"135.125.204.74",0.10628368,0.007876162
