"host","tx_latency""rx_latency",
"135.125.204.74",0.056433792,0.011088447
