"host","tx_latency""rx_latency",
"135.125.204.74",0.056533927,0.008101944
