"host","tx_latency""rx_latency",
"135.125.204.74",0.106626213,0.011705548
