"host","tx_latency""rx_latency",
"135.125.204.74",0.006253558,0.012749481
