"host","tx_latency""rx_latency",
"135.125.204.74",0.056244304,0.00944409
