"host","tx_latency""rx_latency",
"135.125.204.74",0.007104454,0.012654623
