"host","tx_latency""rx_latency",
"135.125.204.74",0.006985555,0.012474121
