"host","tx_latency""rx_latency",
"135.125.204.74",0.106641106,0.008271364
