"host","tx_latency""rx_latency",
"135.125.204.74",0.006433017,0.008399495
