"host","tx_latency""rx_latency",
"135.125.204.74",0.106175667,0.007786802
