"host","tx_latency""rx_latency",
"135.125.204.74",0.056697627,0.010722159
