"host","tx_latency""rx_latency",
"135.125.204.74",0.056386395,0.008046449
