"host","tx_latency""rx_latency",
"135.125.204.74",0.056312556,0.013942185
