"host","tx_latency""rx_latency",
"135.125.204.74",0.056754897,0.010356752
