"host","tx_latency""rx_latency",
"135.125.204.74",0.057388874,0.008770375
