"host","tx_latency""rx_latency",
"135.125.204.74",0.106240298,0.007846021
