"host","tx_latency""rx_latency",
"135.125.204.74",0.107577331,0.009501201
