"host","tx_latency""rx_latency",
"135.125.204.74",0.106473331,0.009763885
