"host","tx_latency""rx_latency",
"135.125.204.74",0.056595939,0.007504808
