"host","tx_latency""rx_latency",
"135.125.204.74",0.056224583,0.011640468
