"host","tx_latency""rx_latency",
"135.125.204.74",0.007243929,0.009643797
