"host","tx_latency""rx_latency",
"135.125.204.74",0.056253916,0.011849098
