"host","tx_latency""rx_latency",
"135.125.204.74",0.10622907,0.007652938
