"host","tx_latency""rx_latency",
"135.125.204.74",0.056198388,0.010510157
