"host","tx_latency""rx_latency",
"135.125.204.74",0.106435769,0.010419907
