"host","tx_latency""rx_latency",
"135.125.204.74",0.006168653,0.007867961
