"host","tx_latency""rx_latency",
"135.125.204.74",0.0567506,0.012703146
