"host","tx_latency""rx_latency",
"135.125.204.74",0.056192357,0.01233001
