"host","tx_latency""rx_latency",
"135.125.204.74",0.006129171,0.010465717
