"host","tx_latency""rx_latency",
"135.125.204.74",0.106322211,0.00768921
