"host","tx_latency""rx_latency",
"135.125.204.74",0.007332491,0.006706053
