"host","tx_latency""rx_latency",
"135.125.204.74",0.05648061,0.009377088
