"host","tx_latency""rx_latency",
"135.125.204.74",0.106414198,0.007967736
