"host","tx_latency""rx_latency",
"135.125.204.74",0.106389638,0.007503763
