"host","tx_latency""rx_latency",
"135.125.204.74",0.056586994,0.009306031
