"host","tx_latency""rx_latency",
"135.125.204.74",0.056341535,0.008695574
