"host","tx_latency""rx_latency",
"135.125.204.74",0.05630971,0.009884112
