"host","tx_latency""rx_latency",
"135.125.204.74",0.05640092,0.007632985
