"host","tx_latency""rx_latency",
"135.125.204.74",0.00611294,0.007534945
