"host","tx_latency""rx_latency",
"135.125.204.74",0.106241789,0.013615468
