"host","tx_latency""rx_latency",
"135.125.204.74",0.058364767,0.007189591
