"host","tx_latency""rx_latency",
"135.125.204.74",0.107232306,0.009940286
