"host","tx_latency""rx_latency",
"135.125.204.74",0.056343413,0.007795852
