"host","tx_latency""rx_latency",
"135.125.204.74",0.006406144,0.010390733
