"host","tx_latency""rx_latency",
"135.125.204.74",0.106429813,0.009647602
