"host","tx_latency""rx_latency",
"135.125.204.74",0.05609063,0.007713501
