"host","tx_latency""rx_latency",
"135.125.204.74",0.10642538,0.007605684
