"host","tx_latency""rx_latency",
"135.125.204.74",0.056536362,0.010394816
