"host","tx_latency""rx_latency",
"135.125.204.74",0.006200554,0.007698962
