"host","tx_latency""rx_latency",
"135.125.204.74",0.107426899,0.011730199
