"host","tx_latency""rx_latency",
"135.125.204.74",0.056169168,0.009736227
