"host","tx_latency""rx_latency",
"135.125.204.74",0.056215584,0.008374088
