"host","tx_latency""rx_latency",
"135.125.204.74",0.056565996,0.009343278
