"host","tx_latency""rx_latency",
"135.125.204.74",0.006095077,0.014096659
