"host","tx_latency""rx_latency",
"135.125.204.74",0.056376006,0.010537327
