"host","tx_latency""rx_latency",
"135.125.204.74",0.006135135,0.008104312
