"host","tx_latency""rx_latency",
"135.125.204.74",0.006367882,0.010654442
