"host","tx_latency""rx_latency",
"135.125.204.74",0.006390803,0.009386881
