"host","tx_latency""rx_latency",
"135.125.204.74",0.006261086,0.009051458
