"host","tx_latency""rx_latency",
"135.125.204.74",0.056532265,0.007546164
