"host","tx_latency""rx_latency",
"135.125.204.74",0.006972192,0.009127478
