"host","tx_latency""rx_latency",
"135.125.204.74",0.106174553,0.007678557
