"host","tx_latency""rx_latency",
"135.125.204.74",0.006155732,0.009362853
