"host","tx_latency""rx_latency",
"135.125.204.74",0.006294629,0.007549184
