"host","tx_latency""rx_latency",
"135.125.204.74",0.056371646,0.008803913
