"host","tx_latency""rx_latency",
"135.125.204.74",0.056565184,0.007781994
