"host","tx_latency""rx_latency",
"135.125.204.74",0.056146052,0.010073216
