"host","tx_latency""rx_latency",
"135.125.204.74",0.05613772,0.007910414
