"host","tx_latency""rx_latency",
"135.125.204.74",0.056464692,0.009842679
