"host","tx_latency""rx_latency",
"135.125.204.74",0.057014447,0.008556159
