"host","tx_latency""rx_latency",
"135.125.204.74",0.057027002,0.012167666
