"host","tx_latency""rx_latency",
"135.125.204.74",0.006328839,0.01064568
