"host","tx_latency""rx_latency",
"135.125.204.74",0.106402069,0.007596381
