"host","tx_latency""rx_latency",
"135.125.204.74",0.106515469,0.007478588
