"host","tx_latency""rx_latency",
"135.125.204.74",0.106488507,0.011156984
