"host","tx_latency""rx_latency",
"135.125.204.74",0.106591864,0.01157564
