"host","tx_latency""rx_latency",
"135.125.204.74",0.057354188,0.010139718
