"host","tx_latency""rx_latency",
"135.125.204.74",0.006300336,0.012071555
