"host","tx_latency""rx_latency",
"135.125.204.74",0.056415564,0.00751752
