"host","tx_latency""rx_latency",
"135.125.204.74",0.006347383,0.008485456
