"host","tx_latency""rx_latency",
"135.125.204.74",0.006421453,0.009723615
