"host","tx_latency""rx_latency",
"135.125.204.74",0.006434158,0.007546525
