"host","tx_latency""rx_latency",
"135.125.204.74",0.006214417,0.008633315
