"host","tx_latency""rx_latency",
"135.125.204.74",0.006270075,0.011439227
