"host","tx_latency""rx_latency",
"135.125.204.74",0.006225832,0.008592512
