"host","tx_latency""rx_latency",
"135.125.204.74",0.056396087,0.011358731
