"host","tx_latency""rx_latency",
"135.125.204.74",0.05749522,0.006606714
