"host","tx_latency""rx_latency",
"135.125.204.74",0.006316123,0.008733824
