"host","tx_latency""rx_latency",
"135.125.204.74",0.106290895,0.007723385
