"host","tx_latency""rx_latency",
"135.125.204.74",0.056372346,0.009238448
