"host","tx_latency""rx_latency",
"135.125.204.74",0.106492512,0.007743455
