"host","tx_latency""rx_latency",
"135.125.204.74",0.056252919,0.007886923
