"host","tx_latency""rx_latency",
"135.125.204.74",0.056194827,0.007693003
