"host","tx_latency""rx_latency",
"135.125.204.74",0.106481796,0.010914659
