"host","tx_latency""rx_latency",
"135.125.204.74",0.106631494,0.008257874
