"host","tx_latency""rx_latency",
"135.125.204.74",0.006578157,0.00919098
