"host","tx_latency""rx_latency",
"135.125.204.74",0.056440814,0.00766469
