"host","tx_latency""rx_latency",
"135.125.204.74",0.006427522,0.011045518
