"host","tx_latency""rx_latency",
"135.125.204.74",0.006443034,0.007608715
