"host","tx_latency""rx_latency",
"135.125.204.74",0.006047712,0.007623136
