"host","tx_latency""rx_latency",
"135.125.204.74",0.006387581,0.007396699
