"host","tx_latency""rx_latency",
"135.125.204.74",0.107406604,0.014244979
