"host","tx_latency""rx_latency",
"135.125.204.74",0.009233147,0.010083772
