"host","tx_latency""rx_latency",
"135.125.204.74",0.006467829,0.011380236
