"host","tx_latency""rx_latency",
"135.125.204.74",0.056544936,0.00782795
