"host","tx_latency""rx_latency",
"135.125.204.74",0.056392888,0.007605819
