"host","tx_latency""rx_latency",
"135.125.204.74",0.007178904,0.008462772
