"host","tx_latency""rx_latency",
"135.125.204.74",0.107302096,0.006881142
