"host","tx_latency""rx_latency",
"135.125.204.74",0.006365982,0.014083882
