"host","tx_latency""rx_latency",
"135.125.204.74",0.057398903,0.008288285
