"host","tx_latency""rx_latency",
"135.125.204.74",0.006147148,0.01065289
