"host","tx_latency""rx_latency",
"135.125.204.74",0.006218176,0.008443562
