"host","tx_latency""rx_latency",
"135.125.204.74",0.106224125,0.009720771
