"host","tx_latency""rx_latency",
"135.125.204.74",0.057400596,0.00737809
