"host","tx_latency""rx_latency",
"135.125.204.74",0.106183008,0.007835414
