"host","tx_latency""rx_latency",
"135.125.204.74",0.006417408,0.011261227
