"host","tx_latency""rx_latency",
"135.125.204.74",0.006188816,0.009499013
