"host","tx_latency""rx_latency",
"135.125.204.74",0.006284599,0.007742131
