"host","tx_latency""rx_latency",
"135.125.204.74",0.006395746,0.012364267
