"host","tx_latency""rx_latency",
"135.125.204.74",0.05637993,0.012263677
