"host","tx_latency""rx_latency",
"135.125.204.74",0.106167429,0.011927803
