"host","tx_latency""rx_latency",
"135.125.204.74",0.006240748,0.009679343
