"host","tx_latency""rx_latency",
"135.125.204.74",0.00625194,0.007656156
