"host","tx_latency""rx_latency",
"135.125.204.74",0.106269464,0.007884272
