"host","tx_latency""rx_latency",
"135.125.204.74",0.106308812,0.007888637
