"host","tx_latency""rx_latency",
"135.125.204.74",0.05647512,0.007647912
