"host","tx_latency""rx_latency",
"135.125.204.74",0.107368006,0.010162547
