"host","tx_latency""rx_latency",
"135.125.204.74",0.006176483,0.01101056
