"host","tx_latency""rx_latency",
"135.125.204.74",0.107396589,0.012748838
