"host","tx_latency""rx_latency",
"135.125.204.74",0.106550735,0.007842413
