"host","tx_latency""rx_latency",
"135.125.204.74",0.056379063,0.00738127
