"host","tx_latency""rx_latency",
"135.125.204.74",0.006277857,0.009318918
