"host","tx_latency""rx_latency",
"135.125.204.74",0.056164766,0.007785264
