"host","tx_latency""rx_latency",
"135.125.204.74",0.106537815,0.008587942
