"host","tx_latency""rx_latency",
"135.125.204.74",0.056152113,0.007665282
