"host","tx_latency""rx_latency",
"135.125.204.74",0.056257507,0.011243892
