"host","tx_latency""rx_latency",
"135.125.204.74",0.106182251,0.007904519
