"host","tx_latency""rx_latency",
"135.125.204.74",0.006248977,0.008238724
