"host","tx_latency""rx_latency",
"135.125.204.74",0.006187575,0.008434827
