"host","tx_latency""rx_latency",
"135.125.204.74",0.006250311,0.008974
