"host","tx_latency""rx_latency",
"135.125.204.74",0.057301211,0.010121315
