"host","tx_latency""rx_latency",
"135.125.204.74",0.056322399,0.013253477
