"host","tx_latency""rx_latency",
"135.125.204.74",0.006265587,0.012460194
