"host","tx_latency""rx_latency",
"135.125.204.74",0.111890896,0.007808638
