"host","tx_latency""rx_latency",
"135.125.204.74",0.106273819,0.012244137
