"host","tx_latency""rx_latency",
"135.125.204.74",0.106405671,0.010306164
