"host","tx_latency""rx_latency",
"135.125.204.74",0.006565104,0.010514815
