"host","tx_latency""rx_latency",
"135.125.204.74",0.056282132,0.007643855
