"host","tx_latency""rx_latency",
"135.125.204.74",0.106265863,0.009119992
