"host","tx_latency""rx_latency",
"135.125.204.74",0.006214614,0.008219331
