"host","tx_latency""rx_latency",
"135.125.204.74",0.006025394,0.007663727
