"host","tx_latency""rx_latency",
"135.125.204.74",0.10622053,0.007637277
