"host","tx_latency""rx_latency",
"135.125.204.74",0.006654264,0.007347454
