"host","tx_latency""rx_latency",
"135.125.204.74",0.056503623,0.010459174
