"host","tx_latency""rx_latency",
"135.125.204.74",0.056342813,0.010458796
