"host","tx_latency""rx_latency",
"135.125.204.74",0.106351049,0.01014297
