"host","tx_latency""rx_latency",
"135.125.204.74",0.106450164,0.009367606
