"host","tx_latency""rx_latency",
"135.125.204.74",0.056199874,0.009824699
