"host","tx_latency""rx_latency",
"135.125.204.74",0.006338672,0.010354221
