"host","tx_latency""rx_latency",
"135.125.204.74",0.106743121,0.008090159
