"host","tx_latency""rx_latency",
"135.125.204.74",0.056321269,0.010565124
