"host","tx_latency""rx_latency",
"135.125.204.74",0.05630023,0.007527445
