"host","tx_latency""rx_latency",
"135.125.204.74",0.056349475,0.007932524
