"host","tx_latency""rx_latency",
"135.125.204.74",0.006310739,0.00753607
