"host","tx_latency""rx_latency",
"135.125.204.74",0.10661497,0.007902371
