"host","tx_latency""rx_latency",
"135.125.204.74",0.056581064,0.010608999
