"host","tx_latency""rx_latency",
"135.125.204.74",0.006258183,0.010632345
