"host","tx_latency""rx_latency",
"135.125.204.74",0.056590311,0.015348762
