"host","tx_latency""rx_latency",
"135.125.204.74",0.057538492,0.006931744
