"host","tx_latency""rx_latency",
"135.125.204.74",0.057535544,0.008243976
