"host","tx_latency""rx_latency",
"135.125.204.74",0.10621494,0.010605702
