"host","tx_latency""rx_latency",
"135.125.204.74",0.057629546,0.007310993
