"host","tx_latency""rx_latency",
"135.125.204.74",0.056331018,0.009766203
