"host","tx_latency""rx_latency",
"135.125.204.74",0.007211528,0.0070062
