"host","tx_latency""rx_latency",
"135.125.204.74",0.056537286,0.01174459
