"host","tx_latency""rx_latency",
"135.125.204.74",0.057370419,0.008705607
