"host","tx_latency""rx_latency",
"135.125.204.74",0.057319177,0.009445861
