"host","tx_latency""rx_latency",
"135.125.204.74",0.007209269,0.00974385
