"host","tx_latency""rx_latency",
"135.125.204.74",0.056827262,0.013401147
