"host","tx_latency""rx_latency",
"135.125.204.74",0.107432653,0.011673289
