"host","tx_latency""rx_latency",
"135.125.204.74",0.007043527,0.010965332
