"host","tx_latency""rx_latency",
"135.125.204.74",0.106769297,0.011708075
