"host","tx_latency""rx_latency",
"135.125.204.74",0.057436462,0.008760808
