"host","tx_latency""rx_latency",
"135.125.204.74",0.107281304,0.007214952
