"host","tx_latency""rx_latency",
"135.125.204.74",0.056844188,0.008548056
