"host","tx_latency""rx_latency",
"135.125.204.74",0.006364,0.007523353
