"host","tx_latency""rx_latency",
"135.125.204.74",0.006167528,0.01145995
