"host","tx_latency""rx_latency",
"135.125.204.74",0.057183414,0.011253542
