"host","tx_latency""rx_latency",
"135.125.204.74",0.056410169,0.007615534
