"host","tx_latency""rx_latency",
"135.125.204.74",0.057140796,0.00897513
