"host","tx_latency""rx_latency",
"135.125.204.74",0.057378241,0.007017852
