"host","tx_latency""rx_latency",
"135.125.204.74",0.058586875,0.006860885
