"host","tx_latency""rx_latency",
"135.125.204.74",0.007479768,0.010274098
