"host","tx_latency""rx_latency",
"135.125.204.74",0.007214439,0.009172382
