"host","tx_latency""rx_latency",
"135.125.204.74",0.007200749,0.009277241
