"host","tx_latency""rx_latency",
"135.125.204.74",0.056534856,0.01211945
