"host","tx_latency""rx_latency",
"135.125.204.74",0.106438422,0.008260684
