"host","tx_latency""rx_latency",
"135.125.204.74",0.107185361,0.008144385
