"host","tx_latency""rx_latency",
"135.125.204.74",0.057314732,0.010150558
