"host","tx_latency""rx_latency",
"135.125.204.74",0.00727107,0.010575953
