"host","tx_latency""rx_latency",
"135.125.204.74",0.057095526,0.008051219
