"host","tx_latency""rx_latency",
"135.125.204.74",0.106389632,0.012614659
