"host","tx_latency""rx_latency",
"135.125.204.74",0.006135984,0.00912319
