"host","tx_latency""rx_latency",
"135.125.204.74",0.05726767,0.009757186
