"host","tx_latency""rx_latency",
"135.125.204.74",0.057224909,0.007593422
