"host","tx_latency""rx_latency",
"135.125.204.74",0.006601371,0.007260858
