"host","tx_latency""rx_latency",
"135.125.204.74",0.006071878,0.01137705
