"host","tx_latency""rx_latency",
"135.125.204.74",0.057546748,0.009998626
