"host","tx_latency""rx_latency",
"135.125.204.74",0.107335426,0.006605576
