"host","tx_latency""rx_latency",
"135.125.204.74",0.106761821,0.010798072
