"host","tx_latency""rx_latency",
"135.125.204.74",0.05731698,0.010299542
