"host","tx_latency""rx_latency",
"135.125.204.74",0.057304153,0.009210717
