"host","tx_latency""rx_latency",
"135.125.204.74",0.057416971,0.006627253
