"host","tx_latency""rx_latency",
"135.125.204.74",0.106462554,0.012432198
