"host","tx_latency""rx_latency",
"135.125.204.74",0.109323696,0.007184865
