"host","tx_latency""rx_latency",
"135.125.204.74",0.006758279,0.011546547
