"host","tx_latency""rx_latency",
"135.125.204.74",0.007372366,0.009737821
