"host","tx_latency""rx_latency",
"135.125.204.74",0.057371039,0.009456989
