"host","tx_latency""rx_latency",
"135.125.204.74",0.108291181,0.007346365
