"host","tx_latency""rx_latency",
"135.125.204.74",0.107210624,0.01013027
