"host","tx_latency""rx_latency",
"135.125.204.74",0.057371139,0.007695166
