"host","tx_latency""rx_latency",
"135.125.204.74",0.056926016,0.007496469
