"host","tx_latency""rx_latency",
"135.125.204.74",0.056455423,0.00805071
