"host","tx_latency""rx_latency",
"135.125.204.74",0.006222233,0.011679373
