"host","tx_latency""rx_latency",
"135.125.204.74",0.057286196,0.008830564
