"host","tx_latency""rx_latency",
"135.125.204.74",0.107170296,0.006952754
