"host","tx_latency""rx_latency",
"135.125.204.74",0.10707029,0.00680644
