"host","tx_latency""rx_latency",
"135.125.204.74",0.057203245,0.007725574
