"host","tx_latency""rx_latency",
"135.125.204.74",0.057330611,0.007050181
