"host","tx_latency""rx_latency",
"135.125.204.74",0.106585139,0.007512257
