"host","tx_latency""rx_latency",
"135.125.204.74",0.057257562,0.013766998
