"host","tx_latency""rx_latency",
"135.125.204.74",0.106096714,0.007822553
