"host","tx_latency""rx_latency",
"135.125.204.74",0.006066131,0.012422517
