"host","tx_latency""rx_latency",
"135.125.204.74",0.00699579,0.007078392
