"host","tx_latency""rx_latency",
"135.125.204.74",0.056032886,0.009225234
