"host","tx_latency""rx_latency",
"135.125.204.74",0.006735102,0.016492623
