"host","tx_latency""rx_latency",
"135.125.204.74",0.006496925,0.013459377
