"host","tx_latency""rx_latency",
"135.125.204.74",0.057171472,0.010315668
