"host","tx_latency""rx_latency",
"135.125.204.74",0.006537704,0.009424587
