"host","tx_latency""rx_latency",
"135.125.204.74",0.106471793,0.013193178
