"host","tx_latency""rx_latency",
"135.125.204.74",0.007264596,0.011737819
