"host","tx_latency""rx_latency",
"135.125.204.74",0.006226547,0.009471985
