"host","tx_latency""rx_latency",
"135.125.204.74",0.107293466,0.009708092
