"host","tx_latency""rx_latency",
"135.125.204.74",0.00742726,0.00646433
