"host","tx_latency""rx_latency",
"135.125.204.74",0.107137794,0.009903376
