"host","tx_latency""rx_latency",
"135.125.204.74",0.107468894,0.008574844
