"host","tx_latency""rx_latency",
"135.125.204.74",0.006858112,0.015065696
