"host","tx_latency""rx_latency",
"135.125.204.74",0.107364789,0.008580991
