"host","tx_latency""rx_latency",
"135.125.204.74",0.006883733,0.007360326
