"host","tx_latency""rx_latency",
"135.125.204.74",0.106359697,0.010508729
