"host","tx_latency""rx_latency",
"135.125.204.74",0.106232675,0.01033169
