"host","tx_latency""rx_latency",
"135.125.204.74",0.007298307,0.00867353
