"host","tx_latency""rx_latency",
"135.125.204.74",0.107697005,0.008805198
