"host","tx_latency""rx_latency",
"135.125.204.74",0.057010684,0.007080315
