"host","tx_latency""rx_latency",
"135.125.204.74",0.007357636,0.007581273
