"host","tx_latency""rx_latency",
"135.125.204.74",0.107488477,0.008409051
