"host","tx_latency""rx_latency",
"135.125.204.74",0.006962273,0.006925155
