"host","tx_latency""rx_latency",
"135.125.204.74",0.006243347,0.009382027
