"host","tx_latency""rx_latency",
"135.125.204.74",0.006418981,0.009098681
