"host","tx_latency""rx_latency",
"135.125.204.74",0.006454806,0.009146859
