"host","tx_latency""rx_latency",
"135.125.204.74",0.006252812,0.00939422
