"host","tx_latency""rx_latency",
"135.125.204.74",0.106322821,0.0113814
