"host","tx_latency""rx_latency",
"135.125.204.74",0.006498947,0.009014775
