"host","tx_latency""rx_latency",
"135.125.204.74",0.056396341,0.009401809
