"host","tx_latency""rx_latency",
"135.125.204.74",0.05633984,0.007829035
