"host","tx_latency""rx_latency",
"135.125.204.74",0.106222938,0.009239101
