"host","tx_latency""rx_latency",
"135.125.204.74",0.0065557,0.010060509
