"host","tx_latency""rx_latency",
"135.125.204.74",0.056259561,0.007649825
