"host","tx_latency""rx_latency",
"135.125.204.74",0.006309911,0.00792491
