"host","tx_latency""rx_latency",
"135.125.204.74",0.106382463,0.00886837
