"host","tx_latency""rx_latency",
"135.125.204.74",0.106426988,0.010476519
