"host","tx_latency""rx_latency",
"135.125.204.74",0.006585904,0.009601643
