"host","tx_latency""rx_latency",
"135.125.204.74",0.056485723,0.012213678
