"host","tx_latency""rx_latency",
"135.125.204.74",0.056281568,0.01055397
