"host","tx_latency""rx_latency",
"135.125.204.74",0.006459436,0.0114346
