"host","tx_latency""rx_latency",
"135.125.204.74",0.106668565,0.009829001
