"host","tx_latency""rx_latency",
"135.125.204.74",0.056275655,0.012955929
