"host","tx_latency""rx_latency",
"135.125.204.74",0.056151258,0.008069116
