"host","tx_latency""rx_latency",
"135.125.204.74",0.006414998,0.012583561
