"host","tx_latency""rx_latency",
"135.125.204.74",0.0564139,0.011625993
