"host","tx_latency""rx_latency",
"135.125.204.74",0.056516837,0.008660997
