"host","tx_latency""rx_latency",
"135.125.204.74",0.006318708,0.014598092
