"host","tx_latency""rx_latency",
"135.125.204.74",0.106462942,0.009985398
