"host","tx_latency""rx_latency",
"135.125.204.74",0.00655002,0.012590815
