"host","tx_latency""rx_latency",
"135.125.204.74",0.05624083,0.009614604
