"host","tx_latency""rx_latency",
"135.125.204.74",0.106334767,0.009216103
