"host","tx_latency""rx_latency",
"135.125.204.74",0.056343049,0.007930149
