"host","tx_latency""rx_latency",
"135.125.204.74",0.056488059,0.009886811
