"host","tx_latency""rx_latency",
"135.125.204.74",0.056433014,0.007654903
