"host","tx_latency""rx_latency",
"135.125.204.74",0.006440891,0.010287973
