"host","tx_latency""rx_latency",
"135.125.204.74",0.006289211,0.008732161
