"host","tx_latency""rx_latency",
"135.125.204.74",0.106341611,0.007835883
