"host","tx_latency""rx_latency",
"135.125.204.74",0.056507459,0.010898228
