"host","tx_latency""rx_latency",
"135.125.204.74",0.006102809,0.009131399
