"host","tx_latency""rx_latency",
"135.125.204.74",0.006244383,0.012170797
