"host","tx_latency""rx_latency",
"135.125.204.74",0.006279467,0.008778171
