"host","tx_latency""rx_latency",
"135.125.204.74",0.056312667,0.008158105
