"host","tx_latency""rx_latency",
"135.125.204.74",0.106438656,0.013290719
