"host","tx_latency""rx_latency",
"135.125.204.74",0.006429101,0.009277747
