"host","tx_latency""rx_latency",
"135.125.204.74",0.006486306,0.010817216
