"host","tx_latency""rx_latency",
"135.125.204.74",0.056317465,0.011141608
