"host","tx_latency""rx_latency",
"135.125.204.74",0.0063486,0.011066398
