"host","tx_latency""rx_latency",
"135.125.204.74",0.056425259,0.007788253
