"host","tx_latency""rx_latency",
"135.125.204.74",0.006610836,0.007634252
