"host","tx_latency""rx_latency",
"135.125.204.74",0.056396013,0.009237238
