"host","tx_latency""rx_latency",
"135.125.204.74",0.006101497,0.008474482
