"host","tx_latency""rx_latency",
"135.125.204.74",0.056334547,0.007713992
