"host","tx_latency""rx_latency",
"135.125.204.74",0.106244305,0.009466193
