"host","tx_latency""rx_latency",
"135.125.204.74",0.056184789,0.007651826
