"host","tx_latency""rx_latency",
"135.125.204.74",0.006295483,0.010150759
