"host","tx_latency""rx_latency",
"135.125.204.74",0.106338833,0.011039723
