"host","tx_latency""rx_latency",
"135.125.204.74",0.006299981,0.008424757
