"host","tx_latency""rx_latency",
"135.125.204.74",0.056329689,0.009967975
