"host","tx_latency""rx_latency",
"135.125.204.74",0.056513907,0.01020971
