"host","tx_latency""rx_latency",
"135.125.204.74",0.056428184,0.009227455
