"host","tx_latency""rx_latency",
"135.125.204.74",0.056534197,0.011562725
