"host","tx_latency""rx_latency",
"135.125.204.74",0.056839816,0.008558593
