"host","tx_latency""rx_latency",
"135.125.204.74",0.006274635,0.008816135
