"host","tx_latency""rx_latency",
"135.125.204.74",0.056222523,0.01319553
