"host","tx_latency""rx_latency",
"135.125.204.74",0.006249637,0.007983099
