"host","tx_latency""rx_latency",
"135.125.204.74",0.056573756,0.012899681
