"host","tx_latency""rx_latency",
"135.125.204.74",0.056567586,0.0082421
