"host","tx_latency""rx_latency",
"135.125.204.74",0.056319727,0.007846035
