"host","tx_latency""rx_latency",
"135.125.204.74",0.106474653,0.007927595
