"host","tx_latency""rx_latency",
"135.125.204.74",0.056563693,0.008113833
