"host","tx_latency""rx_latency",
"135.125.204.74",0.056328004,0.011755064
