"host","tx_latency""rx_latency",
"135.125.204.74",0.006443986,0.010361814
