"host","tx_latency""rx_latency",
"135.125.204.74",0.056349434,0.009969376
