"host","tx_latency""rx_latency",
"135.125.204.74",0.006236449,0.007428366
