"host","tx_latency""rx_latency",
"135.125.204.74",0.056501913,0.01018068
