"host","tx_latency""rx_latency",
"135.125.204.74",0.006558608,0.010588226
