"host","tx_latency""rx_latency",
"135.125.204.74",0.106523841,0.009479737
