"host","tx_latency""rx_latency",
"135.125.204.74",0.106413574,0.011276147
