"host","tx_latency""rx_latency",
"135.125.204.74",0.05627824,0.008079587
