"host","tx_latency""rx_latency",
"135.125.204.74",0.056219747,0.007499118
