"host","tx_latency""rx_latency",
"135.125.204.74",0.056769509,0.007507071
