"host","tx_latency""rx_latency",
"135.125.204.74",0.056166268,0.011644339
