"host","tx_latency""rx_latency",
"135.125.204.74",0.006114955,0.011641233
