"host","tx_latency""rx_latency",
"135.125.204.74",0.056378468,0.00866888
