"host","tx_latency""rx_latency",
"135.125.204.74",0.056296423,0.009259193
