"host","tx_latency""rx_latency",
"135.125.204.74",0.106421312,0.011084436
