"host","tx_latency""rx_latency",
"135.125.204.74",0.056176497,0.007504203
