"host","tx_latency""rx_latency",
"135.125.204.74",0.006404385,0.007858172
