"host","tx_latency""rx_latency",
"135.125.204.74",0.006173056,0.010061037
