"host","tx_latency""rx_latency",
"135.125.204.74",0.006434852,0.007748573
