"host","tx_latency""rx_latency",
"135.125.204.74",0.10625138,0.007722923
