"host","tx_latency""rx_latency",
"135.125.204.74",0.106164904,0.008199952
