"host","tx_latency""rx_latency",
"135.125.204.74",0.056508998,0.007618881
