"host","tx_latency""rx_latency",
"135.125.204.74",0.056217205,0.008282731
