"host","tx_latency""rx_latency",
"135.125.204.74",0.006304211,0.00768859
