"host","tx_latency""rx_latency",
"135.125.204.74",0.006116046,0.007638313
