"host","tx_latency""rx_latency",
"135.125.204.74",0.00621348,0.009558625
