"host","tx_latency""rx_latency",
"135.125.204.74",0.056598877,0.010166276
