"host","tx_latency""rx_latency",
"135.125.204.74",0.106336765,0.00899223
