"host","tx_latency""rx_latency",
"135.125.204.74",0.056541818,0.007555741
