"host","tx_latency""rx_latency",
"135.125.204.74",0.056474337,0.012551493
