"host","tx_latency""rx_latency",
"135.125.204.74",0.006216191,0.011658913
