"host","tx_latency""rx_latency",
"135.125.204.74",0.056289884,0.013843416
