"host","tx_latency""rx_latency",
"135.125.204.74",0.006322111,0.009596609
