"host","tx_latency""rx_latency",
"135.125.204.74",0.006443933,0.011285909
