"host","tx_latency""rx_latency",
"135.125.204.74",0.106677239,0.007433487
