"host","tx_latency""rx_latency",
"135.125.204.74",0.106482147,0.007616594
