"host","tx_latency""rx_latency",
"135.125.204.74",0.106320725,0.007990854
