"host","tx_latency""rx_latency",
"135.125.204.74",0.106519597,0.00819454
