"host","tx_latency""rx_latency",
"135.125.204.74",0.056278601,0.008854148
