"host","tx_latency""rx_latency",
"135.125.204.74",0.10647196,0.009430907
