"host","tx_latency""rx_latency",
"135.125.204.74",0.006385271,0.008220389
