"host","tx_latency""rx_latency",
"135.125.204.74",0.006478478,0.00748637
