"host","tx_latency""rx_latency",
"135.125.204.74",0.006340751,0.009053746
