"host","tx_latency""rx_latency",
"135.125.204.74",0.106543441,0.011058813
