"host","tx_latency""rx_latency",
"135.125.204.74",0.056250802,0.011491912
