"host","tx_latency""rx_latency",
"135.125.204.74",0.056222933,0.007467405
