"host","tx_latency""rx_latency",
"135.125.204.74",0.006478345,0.007595498
