"host","tx_latency""rx_latency",
"135.125.204.74",0.056400145,0.009727768
