"host","tx_latency""rx_latency",
"135.125.204.74",0.056467213,0.010346616
