"host","tx_latency""rx_latency",
"135.125.204.74",0.056196426,0.007547466
