"host","tx_latency""rx_latency",
"135.125.204.74",0.056292495,0.007875947
