"host","tx_latency""rx_latency",
"135.125.204.74",0.106405501,0.008657181
