"host","tx_latency""rx_latency",
"135.125.204.74",0.056362221,0.011754439
