"host","tx_latency""rx_latency",
"135.125.204.74",0.056386579,0.011099796
