"host","tx_latency""rx_latency",
"135.125.204.74",0.106756908,0.008738996
