"host","tx_latency""rx_latency",
"135.125.204.74",0.056344053,0.008865624
