"host","tx_latency""rx_latency",
"135.125.204.74",0.106360501,0.007880863
