"host","tx_latency""rx_latency",
"135.125.204.74",0.056619122,0.009191057
