"host","tx_latency""rx_latency",
"135.125.204.74",0.106466386,0.011396519
