"host","tx_latency""rx_latency",
"135.125.204.74",0.056181269,0.00843683
