"host","tx_latency""rx_latency",
"135.125.204.74",0.056766702,0.007461307
