"host","tx_latency""rx_latency",
"135.125.204.74",0.00640524,0.007476044
