"host","tx_latency""rx_latency",
"135.125.204.74",0.056325355,0.008697995
