"host","tx_latency""rx_latency",
"135.125.204.74",0.006812402,0.009374619
