"host","tx_latency""rx_latency",
"135.125.204.74",0.056419839,0.012490879
