"host","tx_latency""rx_latency",
"135.125.204.74",0.006460062,0.007719485
