"host","tx_latency""rx_latency",
"135.125.204.74",0.106419406,0.009103827
