"host","tx_latency""rx_latency",
"135.125.204.74",0.006375099,0.00755201
