"host","tx_latency""rx_latency",
"135.125.204.74",0.006276099,0.013263889
