"host","tx_latency""rx_latency",
"135.125.204.74",0.006258973,0.007471908
