"host","tx_latency""rx_latency",
"135.125.204.74",0.00631996,0.008997981
