"host","tx_latency""rx_latency",
"135.125.204.74",0.056401216,0.012423638
