"host","tx_latency""rx_latency",
"135.125.204.74",0.106952548,0.013375095
