"host","tx_latency""rx_latency",
"135.125.204.74",0.056521506,0.013489877
