"host","tx_latency""rx_latency",
"135.125.204.74",0.1061448,0.008775821
