"host","tx_latency""rx_latency",
"135.125.204.74",0.106749256,0.007402688
