"host","tx_latency""rx_latency",
"135.125.204.74",0.056290872,0.010411341
