"host","tx_latency""rx_latency",
"135.125.204.74",0.056352866,0.007695831
