"host","tx_latency""rx_latency",
"135.125.204.74",0.106403232,0.009952836
