"host","tx_latency""rx_latency",
"135.125.204.74",0.10630626,0.008828617
