"host","tx_latency""rx_latency",
"135.125.204.74",0.006462273,0.00793187
