"host","tx_latency""rx_latency",
"135.125.204.74",0.056457719,0.010414754
