"host","tx_latency""rx_latency",
"135.125.204.74",0.006816568,0.010198067
