"host","tx_latency""rx_latency",
"135.125.204.74",0.056160199,0.009038365
