"host","tx_latency""rx_latency",
"135.125.204.74",0.056546746,0.008432897
