"host","tx_latency""rx_latency",
"135.125.204.74",0.056202024,0.010286469
