"host","tx_latency""rx_latency",
"135.125.204.74",0.106290842,0.008525895
