"host","tx_latency""rx_latency",
"135.125.204.74",0.006389378,0.01081072
