"host","tx_latency""rx_latency",
"135.125.204.74",0.056275196,0.008002986
