"host","tx_latency""rx_latency",
"135.125.204.74",0.056358588,0.007653825
