"host","tx_latency""rx_latency",
"135.125.204.74",0.05636134,0.013896069
