"host","tx_latency""rx_latency",
"135.125.204.74",0.056334813,0.00986042
