"host","tx_latency""rx_latency",
"135.125.204.74",0.056259767,0.007695647
