"host","tx_latency""rx_latency",
"135.125.204.74",0.05672043,0.009195042
