"host","tx_latency""rx_latency",
"135.125.204.74",0.006646579,0.013388819
