"host","tx_latency""rx_latency",
"135.125.204.74",0.006375549,0.008087651
