"host","tx_latency""rx_latency",
"135.125.204.74",0.006325848,0.009916376
