"host","tx_latency""rx_latency",
"135.125.204.74",0.056404399,0.007573438
