"host","tx_latency""rx_latency",
"135.125.204.74",0.056472416,0.007463964
