"host","tx_latency""rx_latency",
"135.125.204.74",0.056424742,0.013602564
