"host","tx_latency""rx_latency",
"135.125.204.74",0.056438757,0.00877939
