"host","tx_latency""rx_latency",
"135.125.204.74",0.056337851,0.012819689
