"host","tx_latency""rx_latency",
"135.125.204.74",0.05650488,0.009283052
