"host","tx_latency""rx_latency",
"135.125.204.74",0.056349582,0.010716644
