"host","tx_latency""rx_latency",
"135.125.204.74",0.106770232,0.009322378
