"host","tx_latency""rx_latency",
"135.125.204.74",0.106390677,0.008681867
