"host","tx_latency""rx_latency",
"135.125.204.74",0.006313949,0.011825698
