"host","tx_latency""rx_latency",
"135.125.204.74",0.006287891,0.011082655
