"host","tx_latency""rx_latency",
"135.125.204.74",0.056210257,0.007728899
