"host","tx_latency""rx_latency",
"135.125.204.74",0.006254531,0.01020658
