"host","tx_latency""rx_latency",
"135.125.204.74",0.056304513,0.007600899
