"host","tx_latency""rx_latency",
"135.125.204.74",0.006413731,0.009259772
