"host","tx_latency""rx_latency",
"135.125.204.74",0.006441017,0.008036331
