"host","tx_latency""rx_latency",
"135.125.204.74",0.106365484,0.008447485
