"host","tx_latency""rx_latency",
"135.125.204.74",0.106523439,0.009954056
