"host","tx_latency""rx_latency",
"135.125.204.74",0.056425374,0.007494193
