"host","tx_latency""rx_latency",
"135.125.204.74",0.106510896,0.00810532
