"host","tx_latency""rx_latency",
"135.125.204.74",0.056280423,0.012156587
