"host","tx_latency""rx_latency",
"135.125.204.74",0.106311755,0.008736711
