"host","tx_latency""rx_latency",
"135.125.204.74",0.106378795,0.007559433
