"host","tx_latency""rx_latency",
"135.125.204.74",0.006172766,0.009467377
