"host","tx_latency""rx_latency",
"135.125.204.74",0.006221722,0.009414663
