"host","tx_latency""rx_latency",
"135.125.204.74",0.006455716,0.013848591
