"host","tx_latency""rx_latency",
"135.125.204.74",0.05631799,0.015419497
