"host","tx_latency""rx_latency",
"135.125.204.74",0.056281074,0.009212813
