"host","tx_latency""rx_latency",
"135.125.204.74",0.056379408,0.008902575
