"host","tx_latency""rx_latency",
"135.125.204.74",0.05632009,0.010342901
