"host","tx_latency""rx_latency",
"135.125.204.74",0.006430443,0.009436436
