"host","tx_latency""rx_latency",
"135.125.204.74",0.108974846,0.010796687
