"host","tx_latency""rx_latency",
"135.125.204.74",0.106259077,0.007757179
