"host","tx_latency""rx_latency",
"135.125.204.74",0.056604715,0.012729123
