"host","tx_latency""rx_latency",
"135.125.204.74",0.05669055,0.009982426
