"host","tx_latency""rx_latency",
"135.125.204.74",0.0568392,0.012780983
