"host","tx_latency""rx_latency",
"135.125.204.74",0.056215937,0.007495436
