"host","tx_latency""rx_latency",
"135.125.204.74",0.106456001,0.009623872
