"host","tx_latency""rx_latency",
"135.125.204.74",0.106571223,0.010849479
