"host","tx_latency""rx_latency",
"135.125.204.74",0.006438181,0.00788839
