"host","tx_latency""rx_latency",
"135.125.204.74",0.05639129,0.007559297
