"host","tx_latency""rx_latency",
"135.125.204.74",0.006310345,0.007908605
