"host","tx_latency""rx_latency",
"135.125.204.74",0.056260276,0.009513553
