"host","tx_latency""rx_latency",
"135.125.204.74",0.00631063,0.007772299
