"host","tx_latency""rx_latency",
"135.125.204.74",0.106241809,0.007592346
