"host","tx_latency""rx_latency",
"135.125.204.74",0.056341467,0.009569955
