"host","tx_latency""rx_latency",
"135.125.204.74",0.056507963,0.010156088
