"host","tx_latency""rx_latency",
"135.125.204.74",0.006407726,0.009633081
