"host","tx_latency""rx_latency",
"135.125.204.74",0.056385171,0.007593815
