"host","tx_latency""rx_latency",
"135.125.204.74",0.10655567,0.011441899
