"host","tx_latency""rx_latency",
"135.125.204.74",0.10644031,0.008418699
