"host","tx_latency""rx_latency",
"135.125.204.74",0.056500151,0.01246574
