"host","tx_latency""rx_latency",
"135.125.204.74",0.006106063,0.007521224
