"host","tx_latency""rx_latency",
"135.125.204.74",0.006385101,0.008009039
