"host","tx_latency""rx_latency",
"135.125.204.74",0.006361847,0.007431577
