"host","tx_latency""rx_latency",
"135.125.204.74",0.056558244,0.012211355
