"host","tx_latency""rx_latency",
"135.125.204.74",0.056250007,0.009834482
