"host","tx_latency""rx_latency",
"135.125.204.74",0.006542828,0.007483026
