"host","tx_latency""rx_latency",
"135.125.204.74",0.006335199,0.007573815
