"host","tx_latency""rx_latency",
"135.125.204.74",0.056301841,0.011263307
