"host","tx_latency""rx_latency",
"135.125.204.74",0.056448593,0.008993003
