"host","tx_latency""rx_latency",
"135.125.204.74",0.056446816,0.007910036
