"host","tx_latency""rx_latency",
"135.125.204.74",0.006338494,0.009868944
