"host","tx_latency""rx_latency",
"135.125.204.74",0.056287985,0.007743948
