"host","tx_latency""rx_latency",
"135.125.204.74",0.056173196,0.012520904
