"host","tx_latency""rx_latency",
"135.125.204.74",0.056383154,0.008825731
