"host","tx_latency""rx_latency",
"135.125.204.74",0.056266097,0.008051985
