"host","tx_latency""rx_latency",
"135.125.204.74",0.056362186,0.010420355
