"host","tx_latency""rx_latency",
"135.125.204.74",0.056256167,0.009793881
