"host","tx_latency""rx_latency",
"135.125.204.74",0.006137294,0.007628018
