"host","tx_latency""rx_latency",
"135.125.204.74",0.05633559,0.009182137
