"host","tx_latency""rx_latency",
"135.125.204.74",0.056481926,0.007629896
