"host","tx_latency""rx_latency",
"135.125.204.74",0.056566135,0.010614749
