"host","tx_latency""rx_latency",
"135.125.204.74",0.056495136,0.012625699
