"host","tx_latency""rx_latency",
"135.125.204.74",0.056227574,0.010116764
