"host","tx_latency""rx_latency",
"135.125.204.74",0.056203661,0.007701525
