"host","tx_latency""rx_latency",
"135.125.204.74",0.106612047,0.008001211
