"host","tx_latency""rx_latency",
"135.125.204.74",0.00646817,0.010076407
