"host","tx_latency""rx_latency",
"135.125.204.74",0.05622032,0.010800262
