"host","tx_latency""rx_latency",
"135.125.204.74",0.006430097,0.007436089
