"host","tx_latency""rx_latency",
"135.125.204.74",0.006299287,0.014589628
