"host","tx_latency""rx_latency",
"135.125.204.74",0.056350366,0.008292636
