"host","tx_latency""rx_latency",
"135.125.204.74",0.106320567,0.007466464
