"host","tx_latency""rx_latency",
"135.125.204.74",0.056422546,0.013125057
