"host","tx_latency""rx_latency",
"135.125.204.74",0.006301841,0.007514787
