"host","tx_latency""rx_latency",
"135.125.204.74",0.056413541,0.010214374
