"host","tx_latency""rx_latency",
"135.125.204.74",0.106267428,0.008282361
