"host","tx_latency""rx_latency",
"135.125.204.74",0.006444059,0.007831345
