"host","tx_latency""rx_latency",
"135.125.204.74",0.006324073,0.011577203
