"host","tx_latency""rx_latency",
"135.125.204.74",0.006422928,0.010095365
