"host","tx_latency""rx_latency",
"135.125.204.74",0.00621989,0.007583884
