"host","tx_latency""rx_latency",
"135.125.204.74",0.056429502,0.007676725
