"host","tx_latency""rx_latency",
"135.125.204.74",0.056304636,0.010148195
