"host","tx_latency""rx_latency",
"135.125.204.74",0.0562629,0.012441863
