"host","tx_latency""rx_latency",
"135.125.204.74",0.056515606,0.007968792
