"host","tx_latency""rx_latency",
"135.125.204.74",0.006298881,0.007732906
