"host","tx_latency""rx_latency",
"135.125.204.74",0.056515404,0.01098812
