"host","tx_latency""rx_latency",
"135.125.204.74",0.056569486,0.007623249
