"host","tx_latency""rx_latency",
"135.125.204.74",0.006377067,0.012036701
