"host","tx_latency""rx_latency",
"135.125.204.74",0.006388078,0.007438946
