"host","tx_latency""rx_latency",
"135.125.204.74",0.056450427,0.007507584
