"host","tx_latency""rx_latency",
"135.125.204.74",0.056344692,0.010316465
