"host","tx_latency""rx_latency",
"135.125.204.74",0.056411537,0.009586438
