"host","tx_latency""rx_latency",
"135.125.204.74",0.056212708,0.014051893
