"host","tx_latency""rx_latency",
"135.125.204.74",0.056292413,0.008154646
