"host","tx_latency""rx_latency",
"135.125.204.74",0.056361839,0.007553569
