"host","tx_latency""rx_latency",
"135.125.204.74",0.106415847,0.007479196
