"host","tx_latency""rx_latency",
"135.125.204.74",0.056470675,0.010590162
