"host","tx_latency""rx_latency",
"135.125.204.74",0.056437642,0.009194419
