"host","tx_latency""rx_latency",
"135.125.204.74",0.006343627,0.011446638
