"host","tx_latency""rx_latency",
"135.125.204.74",0.006374215,0.00909562
